paper_id,publishable,conference,rationale
"""P001""",1,cvpr,"This paper aligns well with CVPR's focus on computer vision and pattern recognition methodologies. By employing clustering techniques for drone monitoring and position estimation, it addresses critical challenges in dynamic environments—a core theme at CVPR. The exploration of advanced signal extraction from small drones during maneuvers further complements ongoing discussions in visual tracking and localization technologies. The references indicate a shared interest in innovative approaches to complex visual recognition tasks, making this work a suitable contribution to the conference's standards and scope."
"""P002""",0,na,na
"""P003""",0,na,na
"""P004""",1,neurips,"This paper aligns with NeurIPS' focus on cutting-edge machine learning methodologies by presenting an innovative approach to graph neural networks that eliminates the traditional training phase. The introduction of labels as features (LaF) offers a novel perspective that enhances node classification efficiency, addressing a gap in current research. Additionally, the paper's emphasis on transductive learning aligns with NeurIPS' commitment to advancing theoretical and practical applications in deep learning, making it a suitable fit for this prestigious conference."
"""P005""",1,cvpr,"This paper aligns with CVPR’s scope by addressing advanced image analysis techniques, specifically in clothing segmentation and identification through a data-driven co-segmentation framework. The innovative use of exemplar-SVM for refining image regions contributes to the state-of-the-art in computer vision applications. Similar works presented at CVPR, such as those focusing on image harmonization and scene graph generation, highlight the conference's emphasis on novel methodologies and practical solutions in visual understanding, making this research a fitting contribution to the event."
"""P006""",0,na,na
"""P007""",1,cvpr,"This paper aligns with CVPR's scope by advancing the field of visual understanding through joint syntacto-discourse parsing, which enhances the integration of visual and linguistic data. The proposed end-to-end discourse parser addresses critical challenges in multimodal parsing, echoing CVPR's focus on innovative methods in computer vision and related fields. By contextualizing syntactic and discourse structures, the research contributes to the development of more sophisticated models for understanding and generating coherent visual narratives, fitting well within CVPR's emphasis on interdisciplinary approaches and cutting-edge methodologies."
"""P008""",1,neurips,"This paper is well-suited for NeurIPS as it delves into advanced machine learning techniques, specifically focusing on transfer learning and the Chain-of-Thought prompting method, which is crucial for enhancing language models' reasoning capabilities. The exploration of in-context learning and its impact on model performance aligns with NeurIPS's emphasis on cutting-edge research in neural information processing systems. Additionally, the references from previous NeurIPS papers underscore the conference's interest in scalable and effective learning methodologies, reinforcing the relevance of this study within the conference’s scope."
"""P009""",1,neurips,"This paper aligns well with NeurIPS due to its focus on advanced Bayesian learning techniques, particularly in the context of online inference and adaptive models. The exploration of random feature approximations for scalable aggregation of Gaussian processes addresses critical challenges in machine learning, making significant theoretical and practical contributions. Additionally, the use of model parameter random walks reflects NeurIPS's emphasis on innovative methodologies and adaptive learning strategies, positioning this work among the conference's core interests in cutting-edge neural information processing."
"""P010""",1,tmlr,"This paper aligns with TMLR's focus on innovative machine learning methodologies, particularly in the application of reinforcement learning to recommender systems. By addressing critical challenges such as sample efficiency and variance in deep reinforcement learning, the research contributes to advancing practical implementations in real-world scenarios, which is a core interest of TMLR. The references provided further illustrate TMLR's commitment to exploring cutting-edge techniques that enhance learning systems, making this paper a suitable fit for the conference's scope and standards."
"""P011""",1,neurips,"This paper aligns well with NeurIPS due to its focus on advanced statistical methodologies for online experiments, particularly in addressing the challenges of false discovery rates amidst heterogeneous treatment effects. NeurIPS emphasizes innovative approaches in machine learning and data analysis, making this research relevant as it tackles the complexities of decision-making in high-dimensional user data, a critical aspect of modern AI applications. The paper's contribution to improving A/B testing methodologies resonates with NeurIPS's commitment to advancing theoretical and practical understanding in machine learning contexts."
"""P012""",1,neurips,"This paper aligns well with NeurIPS as it addresses critical advancements in the understanding of scaling laws in transformer models, a core topic in machine learning and artificial intelligence. By bridging the methodologies of Kaplan and Chinchilla, it contributes to ongoing discussions about model efficiency and optimization within computational constraints, which are central themes at NeurIPS. The paper's focus on theoretical insights and practical implications for next-token prediction aligns with the conference's emphasis on innovative research that influences the future of machine learning technologies."
"""P013""",1,cvpr,"This paper aligns with CVPR's scope by extending the application of PatternAttribution, a method originally designed for visual data, to the language domain. CVPR emphasizes innovative approaches in computer vision and related fields, focusing on understanding and interpreting neural network behaviors. By addressing the interpretability of deep learning models across different domains, this work contributes to the ongoing dialogue in the conference about bridging techniques between vision and language, thereby enhancing model explainability—a key concern in modern AI research."
"""P014""",1,cvpr,"This paper aligns with the CVPR conference's focus on innovative computer vision and pattern recognition methodologies, particularly in the realm of multimodal analysis. By introducing a novel 3D CNN approach combined with temporal classifiers for active speaker detection, it contributes to advancing visual understanding in audio-visual contexts. The rigorous evaluation against the ActivityNet Challenge further underscores its relevance, as CVPR emphasizes high-quality, cutting-edge research that addresses complex challenges in visual recognition. The references also reflect similar advancements showcased at CVPR, reinforcing the paper's fit within the conference's scope and standards."
"""P015""",1,cvpr,"This paper aligns well with CVPR's focus on computer vision and machine learning applications in autonomous systems. By addressing the critical challenges in trajectory forecasting and 3D perception using extensive lidar and trajectory data, it contributes to the advancement of visual understanding in complex urban environments. The methods and datasets discussed are relevant to ongoing research in autonomous driving, making it a suitable candidate for CVPR, which emphasizes innovative approaches to visual data interpretation and analysis in real-world scenarios."
"""P016""",0,na,na
"""P017""",1,cvpr,"This paper aligns with CVPR's focus on computer vision and video analysis, addressing the pressing challenge of automatic highlight detection in user-generated content. By leveraging time-synchronized comments as a resource, it introduces innovative methods for improving highlight accuracy, which is a relevant topic for the conference. The paper's emphasis on overcoming lag issues and enhancing video summarization techniques demonstrates a strong contribution to the field, resonating with CVPR's standards of originality and technical depth, similar to previous CVPR works on video analysis and embedding learning."
"""P018""",1,kdd,"This paper addresses a critical challenge in deep reinforcement learning by introducing plasticity mechanisms to enhance agent adaptability in dynamic environments. The focus on long-term performance aligns with KDD's emphasis on innovative data-driven methodologies that push the boundaries of machine learning applications. Moreover, the references highlight similar concerns regarding stability and adaptability in learning systems, reinforcing the paper's relevance to the conference's scope. By contributing to the advancement of RL techniques, this research fits well within KDD's standards for impactful and transformative findings in data science."
"""P019""",1,cvpr,"This paper aligns with CVPR’s scope by leveraging digital technologies to enhance healthcare interventions, particularly in tuberculosis treatment. The integration of Digital Adherence Technologies (DATs) reflects an intersection of computer vision and health informatics, which is relevant to the application of data-driven methodologies in medical contexts. The innovative use of telecommunication data for patient adherence resonates with CVPR’s focus on advancing computational techniques in real-world applications, similar to previous research on ambiguous medical imaging and digital methodologies presented at the conference."
"""P020""",0,na,na
"""P021""",1,cvpr,"This paper aligns with CVPR's focus on computer vision and machine learning applications, specifically addressing the critical challenge of motion prediction under distributional shifts. By presenting a novel architecture that tackles domain shift issues, it contributes to the ongoing discourse in robust model design for real-world scenarios. The relevance of cross-domain motion prediction methods makes it a fitting addition to CVPR, which emphasizes innovative approaches to complex visual and environmental challenges, as reflected in similar works presented at the conference."
"""P022""",0,na,na
"""P023""",1,cvpr,"This paper fits the CVPR scope as it presents a novel computational model rooted in psychological theories of visual attention, specifically the reverse hierarchy theory (RHT). By addressing the intricate relationship between visual processing and attention mechanisms, it contributes to the understanding of human-like perception in computer vision. Additionally, the focus on predicting eye fixations aligns with CVPR's emphasis on advancing visual recognition technologies, making it relevant to the conference's standards and audience interests, similar to the referenced works that explore innovative approaches in visual tasks."
"""P024""",1,neurips,"This paper fits NeurIPS as it addresses cutting-edge issues in machine learning security, specifically label-only backdoor attacks, a topic of significant relevance to the community. By introducing FLIP, the research contributes novel insights into model vulnerabilities, aligning with NeurIPS' focus on advancing theoretical and practical understanding in AI safety and robustness. The methodology and implications of this study resonate with prior works presented at NeurIPS, reinforcing the conference’s emphasis on innovative approaches to machine learning challenges."
"""P025""",1,cvpr,"This paper fits the CVPR conference scope as it presents a novel nonparametric approach to scene parsing, emphasizing advanced image analysis techniques relevant to computer vision. The focus on improving classification accuracy through innovative probabilistic methods aligns with CVPR's commitment to cutting-edge research in visual recognition and scene understanding. Additionally, the integration of multi-category context at the scene level contributes to ongoing discussions within the conference about enhancing visual interpretation, thereby meeting CVPR's high standards for originality and technical depth in the field of computer vision."
"""P026""",0,na,na
"""P027""",1,emnlp,"This paper aligns with EMNLP's focus on natural language processing advancements by introducing emoji2vec, a novel approach to learning emoji embeddings from their descriptions. As social media's reliance on emojis grows, integrating them into NLP applications is essential. The study addresses a significant gap in existing pre-trained word embeddings and contributes to the understanding of emoji semantics in language processing, aligning with EMNLP's standards for innovative and relevant research in the field."
"""P028""",1,emnlp,"This paper aligns with EMNLP's focus on advancements in natural language processing, particularly in multimodal interactions. By introducing a novel task for grounded language understanding that integrates visual context to resolve linguistic ambiguities, it contributes to the ongoing dialogue about improving language comprehension through contextual cues. The innovative approach and the development of a new multimodal corpus directly address EMNLP's standards for empirical research and practical applications in language technology, making it a strong fit for the conference."
"""P029""",1,cvpr,"This paper aligns with CVPR's scope by addressing the integration of multimodal data in conversational systems, an area of increasing relevance in computer vision and machine learning. The focus on open-source development and benchmarking aligns with CVPR's commitment to advancing collaborative research. By tackling the challenges of response times and system integration, the work contributes to the advancement of multimodal technologies, which is central to the conference’s themes. Additionally, referencing similar works from CVPR and related conferences emphasizes its relevance to the community."
"""P030""",1,neurips,"This paper aligns with NeurIPS' focus on advancing machine learning techniques and their applications. By addressing the critical challenge of memory optimization for dynamic shape graphs in deep learning, it contributes to the ongoing discourse on enhancing computational efficiency. The emphasis on dynamic characteristics in modern models is particularly relevant, as seen in previous NeurIPS submissions that explore scalable and efficient approaches. The research's innovative approach to symbolic shape analysis further underscores its relevance to the conference's standards of pioneering methodologies in neural information processing."
"""P031""",1,emnlp,"This paper fits the scope of EMNLP as it addresses a pressing social issue—hate speech detection—through an innovative application of Graph Neural Networks, a cutting-edge machine learning technique. EMNLP emphasizes advancements in natural language processing and machine learning methodologies, aligning well with the paper’s exploration of GNNs to enhance explainability and effectiveness in identifying Islamophobic language. Furthermore, the paper’s focus on fostering online harmony through technology resonates with EMNLP's commitment to impactful research that addresses societal challenges."
"""P032""",0,na,na
"""P033""",1,neurips,"This paper aligns with NeurIPS' focus on novel machine learning methodologies applied to natural language processing. The use of Stack-LSTMs for transition-based AMR parsing innovatively addresses parsing challenges by leveraging deep learning techniques, a core theme at NeurIPS. Furthermore, the competitive performance metrics and exploration of additional contextual information echo the conference’s emphasis on cutting-edge research that advances state-of-the-art models in complex tasks. The combination of deep learning with parsing methodologies positions this work as a valuable contribution to the discussions at NeurIPS."
"""P034""",1,cvpr,"This paper fits the CVPR scope as it addresses a cutting-edge topic in computer vision—enhancing Vision Transformers through innovative normalization techniques. The proposed Dual PatchNorm method directly contributes to improving model performance, aligning with CVPR's focus on advancements in machine learning and computer vision methodologies. The extensive experimental validation further ensures adherence to the conference's rigorous standards for novel contributions. Additionally, the paper's relevance to transformer architectures complements the ongoing discourse seen in recent CVPR submissions, demonstrating its alignment with the conference's themes of robust and efficient model design."
"""P035""",0,na,na
"""P036""",0,na,na
"""P037""",1,emnlp,"This paper is well-suited for EMNLP as it addresses a critical aspect of natural language processing—machine reading comprehension—through the development of a novel Chinese span-extraction dataset. By focusing on real-world applications and presenting rigorous baseline models, it aligns with EMNLP's emphasis on advancing understanding of language processing technologies. The dataset’s unique challenges also contribute to the conference's goal of promoting innovative research that enhances language comprehension systems, making it a valuable addition to the conference’s discourse."
"""P038""",0,na,na
"""P039""",0,na,na
"""P040""",1,neurips,"This paper aligns with NeurIPS' focus on advancing machine learning methodologies, particularly through innovative applications of neural networks. By employing 3D Convolutional Neural Networks for real-time simulations in sustainable architectural design, it showcases the integration of AI with complex engineering challenges, reflecting the conference's commitment to interdisciplinary research. The use of computational fluid dynamics and a reverse design workflow also highlights the practical implications of neural networks, resonating with NeurIPS' standards for impactful, cutting-edge contributions in the field of artificial intelligence and its applications."
"""P041""",0,na,na
"""P042""",1,cvpr,"This paper aligns with CVPR's focus on computer vision advancements, particularly in image processing and registration techniques. By introducing a semantic similarity metric that enhances registration performance under challenging conditions, it addresses key issues relevant to the community. The innovative use of learned, dataset-specific features showcases the integration of deep learning in traditional computer vision tasks, mirroring the trends of recent CVPR contributions. Its emphasis on improving existing methodologies aligns with the conference's standards for novel research that pushes the boundaries of image analysis."
"""P043""",0,na,na
"""P044""",1,neurips,"This paper aligns with NeurIPS' focus on advanced machine learning methodologies and their applications, particularly in addressing real-world challenges like food security and agricultural sustainability. By introducing a novel multimodal dataset for crop yield prediction, it emphasizes the integration of AI with climate-conscious practices, which is a current trend in the field. The paper's commitment to enhancing deep learning frameworks through comprehensive data resources resonates with NeurIPS’ standards of fostering innovative research that leverages AI for societal benefits, as evidenced by the referenced works on multi-task learning and scalable vector models."
"""P045""",1,cvpr,"The paper ""AM-RADIO: Agglomerative Vision Foundation Model"" aligns well with the CVPR conference, as it addresses key advancements in visual foundation models (VFMs) and their integration through multi-teacher distillation. CVPR focuses on cutting-edge research in computer vision, and this work contributes to the understanding and enhancement of VFMs, pivotal for various downstream tasks. By presenting a novel approach that merges distinct models into a unified framework, this paper resonates with CVPR’s emphasis on innovative methodologies and applications in visual recognition and processing."
"""P046""",1,tmlr,"This paper fits TMLR's scope as it addresses critical issues in machine learning robustness, specifically in the context of graph neural networks. By exploring the interplay between poisoning and evasion attacks, the research contributes to the understanding of adversarial vulnerabilities, aligning with TMLR's focus on innovative methodologies and theoretical insights. Moreover, the references from TMLR highlight a shared interest in enhancing model resilience, making this work a relevant addition to the conference's discourse on robust machine learning techniques."
"""P047""",0,na,na
"""P048""",0,na,na
"""P049""",1,tmlr,"This paper aligns well with the scope of TMLR as it addresses critical challenges in model generalization within the field of deep learning, specifically focusing on semantic segmentation. The proposed self-adaptive methodology enhances inference mechanisms, which is a key area of interest in machine learning research. The innovative approach to improving generalization through dynamic adaptation resonates with TMLR's emphasis on novel contributions to machine learning theory and practice, mirroring the themes present in referenced works from TMLR and similar conferences."
"""P050""",1,neurips,"This paper aligns well with NeurIPS, as it addresses the critical issue of interpretability in deep learning models, particularly within the context of natural language inference (NLI). NeurIPS emphasizes innovative research that advances machine learning theories and applications, and this work contributes significantly to understanding the inner workings of recurrent and attention-based models. By proposing methods to interpret neural model layers, the paper not only enhances the transparency of deep learning systems but also fosters further advancements in NLI research, which is a key focus of the conference."
"""P051""",1,neurips,"This paper aligns with NeurIPS due to its focus on innovative machine learning methodologies, specifically real-time unsupervised domain adaptation for part-of-speech tagging. The research addresses a significant challenge in natural language processing, fitting well within the conference’s aim to explore advancements in algorithms and their applications. Furthermore, the incremental approach to adaptation contributes to the ongoing discourse on efficiency and performance in dynamic environments, resonating with topics presented in previous NeurIPS papers on deep learning and real-time processing."
"""P052""",1,neurips,"This paper aligns with NeurIPS' focus on innovative machine learning methodologies by introducing the Alpha Discovery Neural Network, a novel approach for financial feature extraction that leverages deep learning advancements. The research addresses the evolving landscape of automated feature generation in finance, a critical application area for neural networks. Furthermore, it builds on existing NeurIPS themes of scalability and efficiency in neural network design, as evidenced by the referenced works. This contribution is timely and relevant, fitting well within the conference's standards of originality and practical impact in the machine learning domain."
"""P053""",0,na,na
"""P054""",1,cvpr,"This paper aligns with CVPR's scope as it addresses cutting-edge advancements in computer vision through innovative 3D food modeling techniques. The focus on physical-aware reconstruction directly contributes to the understanding and application of visual data in nutritional monitoring and dietary tracking, both of which are critical topics in current computer vision research. Furthermore, the emphasis on interdisciplinary collaboration between academia and industry resonates with CVPR's standards of fostering impactful, practical applications of visual technologies. The proposed workshop and challenges enhance community engagement, further solidifying its fit for the conference."
"""P055""",0,na,na
"""P056""",0,na,na
"""P057""",0,na,na
"""P058""",1,tmlr,"This paper aligns with TMLR's focus on advancing machine learning methodologies, particularly in the context of neural network architectures. By exploring the innovative application of positional encoding to enhance RNN performance, the research contributes to the ongoing discourse on improving sequential data processing. The findings challenge conventional views and offer new insights, which resonate with TMLR's commitment to fostering theoretical and practical advancements in machine learning. Additionally, the topic's relevance to both RNNs and broader neural network frameworks makes it a fitting contribution to the conference’s scope."
"""P059""",1,neurips,"This paper aligns with NeurIPS' focus on advancing machine learning methodologies by exploring innovative techniques in recurrent neural networks (RNNs). The novel application of positional encoding to enhance RNN performance challenges conventional assumptions and contributes to the ongoing discourse on effective model architectures. Given NeurIPS' commitment to groundbreaking research in neural networks and representation learning, this work fits seamlessly within its scope, promising to stimulate further exploration and discussion among attendees."
"""P060""",1,tmlr,"This paper aligns with TMLR's scope by addressing advanced probabilistic models for background subtraction, emphasizing innovative approaches in machine learning applied to computer vision. The exploration of hybrid feature spaces and adaptive pixelwise kernel variances contributes to the ongoing discourse on efficient modeling techniques, similar to recent works published in TMLR. The methodology and findings resonate with the conference's focus on theoretical advancements and practical applications in machine learning, making it a fitting submission for TMLR."
"""P061""",1,neurips,"This paper is well-suited for NeurIPS as it addresses cutting-edge advancements in contrastive learning and representation learning, key areas of focus for the conference. By exploring the role of original image utilization in contrastive techniques, the work contributes to improving performance in visual tasks, aligning with NeurIPS' emphasis on innovative machine learning methods. Additionally, the paper builds on existing literature featured in NeurIPS, demonstrating relevance to the ongoing discussions surrounding data augmentation and its implications in deep learning."
"""P062""",1,kdd,"This paper aligns well with KDD's scope as it addresses the critical issue of adapting large pretrained models while maintaining their equivariance properties, a topic of increasing relevance in data mining and machine learning. The focus on preserving model integrity across transformations resonates with KDD's emphasis on innovative methodologies that enhance model performance in real-world applications. Moreover, the integration of theoretical insights with practical implications in domains like image processing positions this work within the conference's standards for high-impact research."
"""P063""",1,neurips,"This paper is well-suited for NeurIPS as it addresses critical advancements in transfer learning and the utilization of hierarchical representations in neural networks. NeurIPS focuses on innovative research in machine learning, particularly studies that explore the interplay between different learning paradigms across datasets and tasks. The paper’s exploration of representation transferability aligns with the conference's commitment to advancing theoretical foundations and practical applications in neural computation, making it a valuable contribution to the NeurIPS community."
"""P064""",1,neurips,"This paper aligns well with NeurIPS' focus on machine learning and artificial intelligence, particularly in advancing the capabilities of open-source large language models through innovative multi-modal integration. The exploration of self-instruction frameworks to enhance visual comprehension and image generation addresses critical challenges in model performance, which resonates with the conference's emphasis on novel methodologies and applications in AI. Furthermore, the paper's relevance to current trends in model accessibility and functionality makes it a suitable contribution to the NeurIPS community, alongside similar works presented in previous conferences."
"""P065""",1,cvpr,"This paper aligns with CVPR's focus on computer vision advancements, particularly in generative models for image synthesis and completion. By exploring the stability of stable diffusion in recursive inpainting, it contributes to the understanding of model robustness in practical applications. The methodologies discussed echo the innovative approaches highlighted in recent CVPR publications, such as pixel-wise transformations and scene graph generation. Thus, this work is positioned to enhance ongoing discussions at CVPR regarding generative techniques and their implications in computer vision research."
"""P066""",1,cvpr,"This paper aligns with CVPR's focus on innovative methodologies that enhance machine learning applications, particularly in optimizing model performance within practical constraints. The proposed vocabulary transfer technique for language model compression addresses real-world challenges in deploying efficient models, making it relevant for the computer vision community where performance and resource limitations are critical. By providing empirical evaluations across various domains, the work contributes to the ongoing discourse on model efficiency, a key theme in CVPR's recent tracks on learning and optimization methods."
"""P067""",1,emnlp,"This paper aligns with the EMNLP conference scope by contributing to the field of natural language processing through the development of a Python API that enhances access to the FrameNet lexical database. By enabling programmatic interaction with linguistic resources, it supports research in semantic representation and computational linguistics, which are central themes of EMNLP. Furthermore, its focus on user-friendly interfaces aligns with the conference's emphasis on practical tools that facilitate linguistic analysis and processing, thus meeting both the venue's standards and interests in innovative computational methods."
"""P068""",1,kdd,"This paper aligns with KDD's scope by advancing machine learning techniques in the context of vehicle-infrastructure communication. The proposed Feature Flow Net (FFNet) addresses critical challenges in 3D object detection through innovative data transmission methods, emphasizing efficiency and performance—key themes in KDD. Additionally, its application of temporal alignment and feature compression resonates with the conference's focus on cutting-edge data-driven solutions in complex environments, paralleling the methodologies in the cited KDD reference."
"""P069""",0,na,na
"""P070""",0,na,na
"""P071""",1,emnlp,"This paper aligns with EMNLP's emphasis on advancements in natural language processing by exploring the often-overlooked role of fillers in speech transcripts. By leveraging deep contextualized embeddings to enhance spoken language understanding, the research contributes to the ongoing discourse on improving language models, a key focus area for EMNLP. The findings on the impact of fillers on tasks such as stance prediction further demonstrate its relevance to current NLP methodologies, making it a suitable fit for the conference's standards and scope."
"""P072""",1,cvpr,"This paper fits the scope of CVPR as it addresses critical challenges in adversarial machine learning, specifically evaluating the resilience of white-box defenses, a topic of increasing relevance in computer vision applications. By rigorously assessing the effectiveness of existing defenses and revealing their vulnerabilities, the research aligns with CVPR's emphasis on advancing understanding and techniques in robust AI systems. Additionally, the paper complements recent works presented at CVPR that explore adversarial robustness, ensuring it contributes meaningfully to ongoing discussions in the conference."
"""P073""",0,na,na
"""P074""",1,cvpr,"This paper aligns well with CVPR's scope, focusing on cutting-edge computer vision techniques applied to real-world challenges in agriculture. By presenting a transformer-based model for agricultural pattern recognition, it contributes to the intersection of AI and agricultural sciences, a growing area of interest within the conference. Furthermore, its participation in the prestigious Agriculture-Vision Challenge demonstrates its relevance and competitiveness, meeting CVPR's high standards for innovative research that advances the field of computer vision."
"""P075""",1,emnlp,"This paper aligns well with EMNLP's focus on natural language processing and its intersection with multimodal learning. By addressing the adaptation of pretrained models for video-script alignment and enhancing inference through reweighted multimodal contexts, it contributes novel methodologies relevant to both language and visual data processing. The emphasis on instructional videos and the integration of GRUs for multi-step inference further reflect EMNLP's standards for innovative approaches in language understanding and generation in complex settings. The methodology also resonates with current trends highlighted in recent EMNLP research, ensuring its relevance to the conference's audience."
"""P076""",0,na,na
"""P077""",0,na,na
"""P078""",0,na,na
"""P079""",1,tmlr,"The paper ""OmniPrint: A Configurable Generator for Printed Characters"" aligns well with TMLR's focus on machine learning methodologies and data generation techniques. By presenting a versatile synthetic data generator that enhances the scope of printed character datasets, it directly contributes to advancements in machine learning research, similar to the referenced works on language models and encoding methods. OmniPrint’s innovative approach to generating diverse character representations supports the exploration of new models, making it a fitting submission for TMLR’s audience and standards."
"""P080""",1,tmlr,"This paper aligns well with TMLR's scope, focusing on the intersection of machine learning and scientific communication. By evaluating the utility of LLMs as a tool for ensuring submission standards, it directly addresses the application of advanced language models in enhancing the peer review process. This research contributes to ongoing discussions in the community about the role of AI in academia, akin to the referenced works that explore detection methods and benchmarking in machine learning. Thus, it fits TMLR’s emphasis on innovative methodologies and practical applications in the field."
"""P081""",0,na,na
"""P082""",1,neurips,"This paper aligns perfectly with NeurIPS' focus on innovative machine learning methodologies and applications. By introducing the Disentanglement-PyTorch library, it addresses critical challenges in variational learning and disentangled representations, which are central themes in contemporary research. The paper's emphasis on modularity and flexibility in experimentation resonates with NeurIPS' standards for advancing the field of neural computation. Furthermore, its relevance to ongoing discussions in the conference, as evidenced by similar works on variational algorithms, reinforces its suitability for presentation at NeurIPS."
"""P083""",1,tmlr,"This paper is well-suited for TMLR as it explores critical issues in machine learning research dissemination and community dynamics, specifically analyzing citation patterns between Chinese and American institutions. By employing a citation graph methodology, it contributes to understanding the global landscape of machine learning research, aligning with TMLR's focus on theoretical and empirical advancements. The investigation of cultural and regional influences on citation behavior is particularly relevant, echoing themes found in TMLR's existing literature, making it a valuable addition to the conference."
"""P084""",1,tmlr,"This paper is well-suited for TMLR as it addresses critical theoretical insights in machine learning through an empirical lens, aligning with the conference's focus on advancing understanding in the field. By leveraging natural language processing techniques on two decades of computer vision research, the study contributes to the discourse on foundational principles in machine learning, particularly those articulated by Rich Sutton. This rigorous examination of research trends and methodologies reflects TMLR's commitment to high-quality, impactful research that fosters knowledge advancement in machine learning communities."
"""P085""",1,tmlr,"This paper aligns with TMLR's focus on machine learning methodologies and their societal implications, specifically regarding privacy concerns in synthetic data generation. By evaluating current privacy assessment techniques and advocating for standardized measures, it promotes rigorous discourse in the machine learning community about privacy preservation. The interdisciplinary approach and emphasis on practical applications in synthetic data directly resonate with TMLR's mission to advance understanding in the field, making this work a valuable contribution to the conference."
"""P086""",0,na,na
"""P087""",1,cvpr,"This paper aligns with CVPR's focus on innovative methodologies in computer vision, particularly in addressing challenges in feature tracking under adverse conditions, such as low-quality video. By proposing a subspace constraint method for joint feature tracking, it contributes to the advancement of robust algorithms, paralleling similar works presented at CVPR, like Guerreiro et al. and Sinha et al., which tackle complex visual tasks. The emphasis on improving tracking performance in challenging environments enhances the technical rigor expected at CVPR, making this paper a suitable fit for the conference."
"""P088""",1,tmlr,"This paper aligns with TMLR’s focus on theoretical and methodological advancements in machine learning, particularly in the analysis of neural network structures. By exploring modularity in neural networks, it contributes to the understanding of network architecture and function, which is central to contemporary machine learning research. Furthermore, its emphasis on defining and measuring modularity addresses key theoretical questions relevant to the community, complementing the ongoing discussions seen in the provided references. Thus, it fits well within TMLR's scope of fostering innovative methodologies in machine learning."
"""P089""",1,tmlr,"This paper aligns with TMLR's scope by addressing fundamental aspects of the neural tangent kernel (NTK) within the context of deep learning, specifically focusing on its validity under lazy training conditions. The rigorous analysis of the NTK approximation's robustness when influenced by model scaling contributes to advancing theoretical understanding in machine learning. Furthermore, the work resonates with TMLR's commitment to publishing high-quality, impactful research that pushes the boundaries of knowledge in machine learning, similar to previously published works in the venue."
"""P090""",1,neurips,"This paper aligns with NeurIPS' focus on machine learning advancements by addressing the critical issue of maintaining equivariance in large pretrained models during task adaptation. The exploration of novel techniques to preserve this property is highly relevant to the conference's themes of robust model training and application in complex domains. Additionally, the references indicate a precedent for similar research in equivariance within the NeurIPS community, underscoring the importance of this topic in contemporary machine learning discussions."
"""P091""",1,emnlp,"This paper is well-suited for EMNLP as it addresses critical challenges in natural language processing, specifically the application of Named Entity Recognition within the context of call center transcripts. By focusing on the intersection of speech recognition inaccuracies and privacy compliance, it contributes novel insights into real-world language processing applications. The innovative approach of utilizing a custom corpus aligns with EMNLP's emphasis on advancing understanding in NLP methodologies, making this research a valuable addition to the conference's discourse on tackling complex language data challenges."
"""P092""",1,neurips,"This paper aligns well with NeurIPS as it presents cutting-edge advancements in image compression utilizing deep learning techniques, particularly through advanced residual networks and sub-pixel convolution. NeurIPS is known for showcasing innovative approaches in neural information processing and machine learning, making this research a valuable contribution to the conference. The focus on enhancing compression efficiency addresses contemporary challenges in the field, resonating with NeurIPS' commitment to high-quality, impactful research that pushes the boundaries of existing methodologies in AI and machine learning applications."
"""P093""",1,neurips,"This paper aligns with NeurIPS's focus on innovative methodologies in machine learning, particularly in the area of computational imaging. By introducing a premature termination strategy for Deep Image Prior, the research addresses key challenges related to model overparameterization and noise management, which are critical issues in modern machine learning applications. The contribution not only enhances understanding of DIP but also opens avenues for improved performance in inverse problems, making it a valuable addition to the conference's discourse on advancing deep learning techniques."
"""P094""",0,na,na
"""P095""",1,tmlr,"This paper is well-suited for TMLR as it addresses significant challenges in Reinforcement Learning within complex environments like Minecraft, emphasizing sample efficiency and hierarchical structures. The focus on representation learning aligns with TMLR's interest in innovative methodologies that enhance learning efficiency. Additionally, the references from TMLR highlight a shared commitment to advancing machine learning techniques, ensuring that this paper meets the conference's standards for originality and relevance in exploring cutting-edge RL applications."
"""P096""",0,na,na
"""P097""",0,na,na
"""P098""",0,na,na
"""P099""",1,neurips,"This paper aligns with NeurIPS' focus on cutting-edge advancements in machine learning and artificial intelligence. By integrating linguistic insights and neural models into LSTM frameworks for video description generation, it pushes the boundaries of multimodal learning. The evaluation based on real-world video data further highlights its relevance to the conference's emphasis on practical applications of theoretical research. Additionally, the reference to similar works underscores a shared commitment to advancing understanding in video and language processing, making it a fitting contribution for NeurIPS."
"""P100""",0,na,na
"""P101""",1,cvpr,"This paper aligns well with CVPR's focus on innovative computer vision techniques, particularly in medical imaging. By employing a Convolutional LSTM Network to analyze 3D volumetric images, it addresses significant challenges in disease identification with limited annotations, showcasing advancements in deep learning methodologies. The application of this approach to low-dose CT images for emphysema detection demonstrates a novel intersection of medical imaging and computer vision, which is a core theme of CVPR. Moreover, its relevance to ongoing discussions in the conference regarding scalable and efficient image processing further solidifies its fit."
"""P102""",1,neurips,"This paper aligns with NeurIPS as it addresses significant challenges in computer vision, specifically focusing on the underexplored domain of car categorization and verification. The introduction of a large-scale dataset promotes advancements in fine-grained classification and enhances machine learning models, resonating with NeurIPS’ emphasis on novel datasets and methodologies. Furthermore, the paper's potential to inspire future research in car-related visual tasks complements the conference's goal of fostering innovative AI applications, as seen in similar works referenced from NeurIPS and other top-tier conferences."
"""P103""",1,emnlp,"This paper aligns well with EMNLP's focus on natural language processing innovations, particularly its exploration of adapting large pretrained models for translating natural language to command-line instructions. By addressing the practical challenges in the NLC2CMD competition, it contributes to ongoing discussions in the field regarding model efficiency and application. The research also builds upon methodologies presented in previous EMNLP papers, ensuring it meets the conference's standards for relevance and rigor in advancing NLP techniques."
"""P104""",1,emnlp,"This paper aligns with EMNLP's focus on natural language processing by addressing a critical issue in pre-trained language models: logical consistency in predictions. The proposed framework for consistency correction directly contributes to the advancement of QA systems, a key area of interest in the NLP community. Additionally, the discussion of natural language inference connects with the conference's emphasis on understanding and improving model performance through rigorous evaluation and innovative techniques, ensuring that the paper meets EMNLP's high standards for relevance and contribution to the field."
"""P105""",0,na,na
"""P106""",0,na,na
"""P107""",0,na,na
"""P108""",0,na,na
"""P109""",1,emnlp,"This paper is well-aligned with the EMNLP conference, which focuses on advancements in natural language processing and machine learning. By addressing the pressing issue of hate speech identification through multimodal deep learning techniques, it contributes significantly to current discussions in the field. The exploration of visual-linguistic Transformer models and their enhancements fits EMNLP's emphasis on innovative algorithms and performance evaluation, while the rigorous approach to achieving human-level accuracy aligns with the conference's standards for impactful research in language technologies."
"""P110""",1,emnlp,"This paper presents LIDA, a novel lightweight interactive dialogue annotation tool that enhances the quality and efficiency of dialogue data preparation, aligning perfectly with the scope of EMNLP, which focuses on advancements in natural language processing and dialogue systems. The development of tools that improve data annotation directly contributes to the broader goals of enhancing machine learning models and their applications in dialogue systems. Additionally, the references indicate a strong emphasis on dialogue-related innovations, further supporting the relevance of this work to the EMNLP conference standards."
"""P111""",1,neurips,"This paper aligns with NeurIPS' focus on innovative machine learning methodologies by presenting a novel approach that integrates deep learning with Bayesian optimization to address complex scientific problems. It expands the understanding of optimization in structured environments, a key interest in current AI research. The references from past NeurIPS papers highlight the conference's commitment to advancing optimization techniques and exploring the intersection of deep learning and structured function analysis, making this work a relevant contribution to the ongoing discussions within the venue."
"""P112""",1,tmlr,"This paper aligns perfectly with TMLR's focus on innovative machine learning methodologies applied to complex data structures. By introducing k-mer embeddings that effectively integrate both contextual and structural information from genomic sequences via De Bruijn graphs, it addresses critical challenges in genomic data representation. The approach resonates with TMLR's commitment to advancing theoretical and practical aspects of machine learning, as seen in similar works like ""Graph Pooling via Ricci Flow"" and ""CAT Walk"" that explore graph-based learning techniques. This makes it a suitable contribution to the conference."
"""P113""",1,tmlr,"This paper aligns with TMLR's focus on machine learning methodologies, particularly in the context of multi-agent systems and their complex interactions. By introducing a novel Graph Neural Network model for Model-Based Reinforcement Learning, it contributes to the theoretical and practical advancements in the field. The application of this model to significant tasks like Billiard-Avoidance and Autonomous Driving further emphasizes its relevance to current research trends, mirroring themes present in TMLR's recent publications. Thus, it meets the conference's standards for innovation and applicability in machine learning."
"""P114""",1,cvpr,"This paper aligns with CVPR's focus on computer vision and machine learning by exploring the intersection of AI and creativity through an innovative empathetic AI painter system. By modeling human traits and incorporating embodied conversational interaction, it advances the understanding of computational creativity in visual art, a topic relevant to CVPR's audience. Furthermore, its emphasis on user interaction and personality recognition resonates with recent trends in visual computing, making it a valuable contribution to the conference's discourse on intelligent systems and human-centered AI applications."
"""P115""",1,neurips,"This paper aligns with NeurIPS' focus on advanced machine learning techniques and their applications in multimodal models. By providing a comprehensive overview of large-scale models for vision and language processing, it contributes to ongoing discussions about the capabilities and developments in AI. The emphasis on comparing these models to GPT-4 fits perfectly within NeurIPS' standards for innovative research in neural information processing. Additionally, the references highlight similar explorations in multimodal learning, reinforcing the relevance of this work to the conference's themes."
"""P116""",1,kdd,"This paper aligns well with KDD's focus on innovative methodologies for data mining and machine learning. By introducing the Top-k approach to enhance Random Forests, it addresses critical challenges in decision tree accuracy and scalability, which are central themes in KDD's agenda. Furthermore, its exploration of alternative splitting strategies contributes to the broader discourse on algorithm performance and efficiency, resonating with KDD's commitment to advancing knowledge in data-driven decision-making. The references indicate a precedent for similar research topics within the conference's scope, reinforcing the paper's relevance."
"""P117""",1,emnlp,"This paper aligns well with EMNLP's focus on natural language processing and its intersection with other domains, such as computer vision. By exploring the relationship between word vectors and image annotation through zero-shot learning, it contributes to advancing understanding of multimodal learning and the linguistic properties of embeddings. The investigation of image-word relevance is particularly relevant to EMNLP’s thematic interests in leveraging language models for visual tasks. The paper's methodology and findings resonate with recent trends showcased in previous EMNLP papers, making it a suitable fit for the conference."
"""P118""",1,neurips,"This paper aligns with NeurIPS' focus on innovative machine learning techniques by presenting a novel framework for low-resource part-of-speech tagging using cross-lingual neural networks. The integration of disparate sources for distant supervision showcases advancements in transfer learning and resource efficiency, key themes in NeurIPS. Additionally, the methodology's scalability to hundreds of languages resonates with the conference's commitment to addressing real-world challenges in AI. Given the references that similarly explore scalable machine learning solutions, this paper enhances the discourse on effective models in low-resource settings, fitting well within NeurIPS' scope and standards."
"""P119""",0,na,na
"""P120""",1,emnlp,"This paper aligns with EMNLP's focus on natural language processing and understanding within deep learning frameworks. By introducing diagNNose, an open-source toolkit for scrutinizing neural network activations, it contributes to the interpretability of language models, which is a critical area of research in NLP. The exploration of subject-verb agreement through this toolkit highlights its applicability to linguistic phenomena, making it a relevant addition to the conference’s discourse on advancing model interpretability and understanding in language processing tasks."
"""P121""",1,kdd,"This paper fits the KDD conference's scope as it addresses critical challenges in deep reinforcement learning, specifically the plasticity loss affecting agent performance over time. KDD emphasizes innovative data-driven methodologies and the application of machine learning in real-world scenarios, aligning with the paper's focus on enhancing RL agents' adaptability in dynamic environments. Additionally, the research complements similar works presented at KDD, such as the referenced study on scalable vector approaches, reinforcing its relevance to the conference's audience and standards."
"""P122""",1,kdd,"This paper fits the KDD conference scope due to its focus on data-driven methodologies, specifically the application of satellite data for short-term precipitation forecasting. The innovative use of machine learning techniques, such as neural networks, aligns with KDD's emphasis on knowledge discovery and data mining. Additionally, the research addresses real-world challenges in meteorology, showcasing the potential for improved accuracy in nowcasting, which is a significant concern in data science applications. The integration of geographic analysis further enhances its relevance to the conference’s interdisciplinary approach."
"""P123""",1,neurips,"This paper aligns with NeurIPS' focus on advancing machine learning techniques, particularly in natural language processing. The innovative use of emoji data to enhance cross-domain representation learning addresses critical challenges in sentiment analysis, a key area of interest in contemporary AI research. By proposing novel methodologies that leverage large-scale, unstructured data, this work contributes to the ongoing dialogue in the field regarding data efficiency and representation learning, making it a valuable addition to the NeurIPS conference."
"""P124""",0,na,na
"""P125""",1,emnlp,"This paper aligns with EMNLP's focus on natural language processing and machine learning advancements. By introducing the DISCOSENSE benchmark for commonsense reasoning through discourse connectives, it addresses a critical challenge in NLP, which is relevant to current research trends showcased in EMNLP’s recent proceedings. The innovative use of Conditional Adversarial Filtering to enhance dataset quality and the evaluation of pre-trained language models contribute to the conference's standards of advancing theoretical and practical methodologies in language understanding."
"""P126""",1,neurips,"This paper aligns well with NeurIPS as it introduces a novel deep learning algorithm that enhances causal inference in Structural Causal Models, a topic of increasing interest in the intersection of machine learning and causality. The innovative approach of using a single proxy variable to estimate causal effects addresses significant challenges in the field, resonating with NeurIPS's focus on cutting-edge research in machine learning methodologies. Additionally, the reference to advanced techniques in causal inference connects this work to the conference's emphasis on methodological advancements and applications in complex data environments."
"""P127""",0,na,na
"""P128""",1,emnlp,"This paper is well-suited for EMNLP as it addresses a critical yet under-explored aspect of natural language processing—discourse deixis resolution in dialogue. By innovatively adapting a span-based entity coreference model and achieving state-of-the-art results across multiple datasets, the research aligns with EMNLP's focus on advancements in language understanding and dialogue systems. Furthermore, the paper contributes to the ongoing discourse on enhancing model performance through task-specific adaptations, a topic of significant interest in the NLP community."
"""P129""",0,na,na
"""P130""",0,na,na
"""P131""",1,tmlr,"This paper aligns well with the scope of TMLR as it addresses key challenges in disentanglement through innovative methodologies in deep learning, specifically within the framework of variational autoencoders. The focus on image preprocessing techniques and the application of aggregated feature maps connects with TMLR's emphasis on theoretical advancements and practical applications in machine learning. Furthermore, the paper contributes to ongoing discussions in the community, particularly in relation to disentanglement challenges, making it a relevant submission for this venue."
"""P132""",0,na,na
"""P133""",1,emnlp,"This paper is well-suited for EMNLP as it addresses a significant challenge in natural language processing—discontinuous constituent parsing—through innovative sequence labeling techniques. By proposing a novel encoding method and evaluating its learnability, the research aligns with EMNLP's emphasis on advancing methodologies in language understanding. Furthermore, the connection to recent EMNLP works highlights its relevance within the current discourse, making it a compelling contribution to the conference's focus on cutting-edge NLP research."
"""P134""",0,na,na
"""P135""",1,neurips,"This paper aligns well with NeurIPS as it explores decentralized algorithms for solving stochastic variational inequalities, a topic at the intersection of optimization, machine learning, and distributed systems. The focus on heterogeneous data across devices and the adaptability of computational networks addresses current challenges in decentralized learning frameworks, aligning with NeurIPS's emphasis on innovative methodologies in machine learning. Furthermore, the theoretical advancements presented contribute to the ongoing discourse within the conference, as evidenced by similar works presented in past NeurIPS sessions."
